,Unnamed: 0,지역코드,법정동,거래일,아파트,지번,전용면적,층,건축년도,거래금액,면적당가격,거래주,count
1611,1611,11110,무악동,2008-12-02,인왕산아이파크,60,84.85799999999999,11,2008,52000,612.7884230125622,152,1
